Time,Amplitude
0.0,-1.2708750023386613e-15
0.001,0.8726967435561506
0.002,1.179113101888291
0.003,1.0238793350181774
0.004,0.9025562498262031
0.005,0.9905155661679883
0.006,1.0665880262520062
0.007,1.004994353517529
0.008,0.94940220235342
0.009000000000000001,0.9969458771050504
0.01,1.0408885589966033
0.011,1.0020477799960101
0.012,0.9655972038611228
0.013000000000000001,0.998539284613694
0.014,1.029786550223083
0.015,1.0010888862580132
0.016,0.9736498075672567
0.017,0.9991614204444358
0.018000000000000002,1.0237062582358134
0.019,1.0006619384241602
0.02,0.9783793635159265
0.021,0.9994675227860919
0.022,1.0199437304209729
0.023,1.0004345813372753
0.024,0.9814243803602254
0.025,0.9996414377718016
0.026000000000000002,1.0174471389828064
0.027,1.0002981480310391
0.028,0.9834910008023231
0.029,0.999750869802126
0.03,1.0157252307613496
0.031,1.000208595413451
0.032,0.9849309250213136
0.033,0.9998255295684367
0.034,1.014520322460236
0.035,1.000145242054377
0.036000000000000004,0.9859364593831762
0.037,0.9998802209304736
0.038,1.0136868657327034
0.039,1.00009721557338
0.04,0.9866188354210085
0.041,0.9999231276753856
0.042,1.0131394448871895
0.043000000000000003,1.0000582022164246
0.044,0.9870435617726588
0.045,0.9999592486907269
0.046,1.0128283060061718
0.047,1.0000241299843862
0.048,0.987247563447673
0.049,0.9999920093707823
0.05,1.0127273126258387
0.051000000000000004,0.9999920093707798
0.052000000000000005,0.9872475634476771
0.053,1.0000241299843846
0.054,1.0128283060061531
0.055,0.9999592486907136
0.056,0.9870435617726779
0.057,1.0000582022164597
0.058,1.013139444887189
0.059000000000000004,0.9999231276753479
0.06,0.98661883542099
0.061,1.0000972155734007
0.062,1.013686865732726
0.063,0.9998802209304581
0.064,0.9859364593831493
0.065,1.0001452420543782
0.066,1.0145203224602544
0.067,0.9998255295684387
0.068,0.984930925021302
0.069,1.0002085954134496
0.07,1.0157252307613558
0.07100000000000001,0.9997508698021224
0.07200000000000001,0.9834910008023116
0.073,1.000298148031037
0.074,1.0174471389828181
0.075,0.9996414377718139
0.076,0.9814243803602323
0.077,1.0004345813372746
0.078,1.0199437304209669
0.079,0.9994675227860873
0.08,0.9783793635159346
0.081,1.0006619384241744
0.082,1.023706258235814
0.083,0.9991614204444195
0.084,0.9736498075672467
0.085,1.0010888862580203
0.08600000000000001,1.0297865502230823
0.08700000000000001,0.9985392846136731
0.088,0.9655972038611054
0.089,1.002047779996021
0.09,1.0408885589966264
0.091,0.996945877105057
0.092,0.9494022023534167
0.093,1.0049943535175396
0.094,1.0665880262520226
0.095,0.9905155661679811
0.096,0.9025562498261757
0.097,1.0238793350181647
0.098,1.1791131018883059
0.099,0.8726967435561627
0.1,-4.971992621065469e-15
0.101,-0.8726967435561691
0.10200000000000001,-1.1791131018882894
0.10300000000000001,-1.023879335018157
0.10400000000000001,-0.9025562498261938
0.105,-0.9905155661679965
0.106,-1.0665880262520169
0.107,-1.0049943535175252
0.108,-0.9494022023534164
0.109,-0.9969458771050643
0.11,-1.0408885589966215
0.111,-1.0020477799960104
0.112,-0.9655972038611
0.113,-0.9985392846136816
0.114,-1.029786550223097
0.115,-1.0010888862580345
0.116,-0.9736498075672553
0.117,-0.9991614204444113
0.11800000000000001,-1.023706258235794
0.11900000000000001,-1.0006619384241588
0.12,-0.978379363515938
0.121,-0.9994675227860983
0.122,-1.0199437304209702
0.123,-1.000434581337267
0.124,-0.9814243803602216
0.125,-0.9996414377718076
0.126,-1.0174471389828217
0.127,-1.0002981480310524
0.128,-0.9834910008023303
0.129,-0.9997508698021281
0.13,-1.015725230761343
0.131,-1.0002085954134363
0.132,-0.9849309250213005
0.133,-0.9998255295684384
0.134,-1.0145203224602493
0.135,-1.000145242054377
0.136,-0.9859364593831609
0.137,-0.9998802209304685
0.138,-1.0136868657327192
0.139,-1.000097215573391
0.14,-0.9866188354209982
0.14100000000000001,-0.9999231276753716
0.14200000000000002,-1.0131394448871966
0.14300000000000002,-1.0000582022164506
0.14400000000000002,-0.9870435617726635
0.145,-0.9999592486907034
0.146,-1.0128283060061507
0.147,-1.0000241299843922
0.148,-0.9872475634477009
0.149,-0.9999920093707909
0.15,-1.0127273126258212
0.151,-0.9999920093707557
0.152,-0.9872475634476702
0.153,-1.0000241299843962
0.154,-1.0128283060061727
0.155,-0.9999592486907173
0.156,-0.9870435617726677
0.157,-1.0000582022164566
0.158,-1.0131394448871978
0.159,-0.9999231276753504
0.16,-0.986618835420975
0.161,-1.0000972155733892
0.162,-1.0136868657327405
0.163,-0.9998802209304845
0.164,-0.9859364593831595
0.165,-1.000145242054361
0.166,-1.0145203224602373
0.167,-0.999825529568427
0.168,-0.9849309250212979
0.169,-1.000208595413452
0.17,-1.0157252307613742
0.171,-0.9997508698021436
0.17200000000000001,-0.9834910008023109
0.17300000000000001,-1.0002981480310171
0.17400000000000002,-1.0174471389828015
0.17500000000000002,-0.9996414377718179
0.176,-0.9814243803602444
0.177,-1.0004345813372801
0.178,-1.0199437304209664
0.179,-0.9994675227860796
0.18,-0.9783793635159216
0.181,-1.0006619384241628
0.182,-1.0237062582358196
0.183,-0.9991614204444368
0.184,-0.9736498075672504
0.185,-1.0010888862580054
0.186,-1.0297865502230759
0.187,-0.998539284613687
0.188,-0.9655972038611211
0.189,-1.0020477799960146
0.19,-1.0408885589966088
0.191,-0.9969458771050556
0.192,-0.9494022023534319
0.193,-1.0049943535175483
0.194,-1.066588026252019
0.195,-0.9905155661679823
0.196,-0.9025562498261815
0.197,-1.0238793350181634
0.198,-1.1791131018882879
0.199,-0.8726967435561537
0.2,-1.0276010015931056e-14
0.201,0.8726967435561602
0.202,1.1791131018882897
0.203,1.0238793350181765
0.20400000000000001,0.9025562498262055
0.20500000000000002,0.9905155661679906
0.20600000000000002,1.0665880262520062
0.20700000000000002,1.00499435351753
0.20800000000000002,0.9494022023534207
0.209,0.9969458771050466
0.21,1.0408885589966028
0.211,1.0020477799960104
0.212,0.9655972038611242
0.213,0.9985392846136933
0.214,1.029786550223083
0.215,1.0010888862580134
0.216,0.9736498075672559
0.217,0.9991614204444326
0.218,1.0237062582358125
0.219,1.0006619384241597
0.22,0.9783793635159254
0.221,0.9994675227860915
0.222,1.019943730420972
0.223,1.0004345813372768
0.224,0.9814243803602224
0.225,0.9996414377718001
0.226,1.0174471389828046
0.227,1.0002981480310407
0.228,0.9834910008023233
0.229,0.9997508698021254
0.23,1.0157252307613494
0.231,1.0002085954134503
0.232,0.9849309250213137
0.233,0.9998255295684358
0.234,1.0145203224602357
0.23500000000000001,1.000145242054372
0.23600000000000002,0.9859364593831761
0.23700000000000002,0.9998802209304749
0.23800000000000002,1.013686865732702
0.23900000000000002,1.0000972155733765
0.24,0.9866188354210076
0.241,0.9999231276753864
0.242,1.0131394448871924
0.243,1.000058202216426
0.244,0.9870435617726586
0.245,0.9999592486907255
0.246,1.0128283060061738
0.247,1.0000241299843842
0.248,0.9872475634476751
0.249,0.9999920093707739
0.25,1.0127273126258387
0.251,0.999992009370781
0.252,0.9872475634476765
0.253,1.0000241299843824
0.254,1.0128283060061556
0.255,0.999959248690713
0.256,0.9870435617726823
0.257,1.0000582022164626
0.258,1.013139444887186
0.259,0.9999231276753474
0.26,0.9866188354209893
0.261,1.000097215573403
0.262,1.0136868657327232
0.263,0.9998802209304595
0.264,0.9859364593831491
0.265,1.0001452420543788
0.266,1.0145203224602573
0.267,0.9998255295684386
0.268,0.9849309250213019
0.269,1.00020859541345
0.27,1.015725230761359
0.271,0.9997508698021257
0.272,0.9834910008023122
0.273,1.0002981480310387
0.274,1.0174471389828184
0.275,0.9996414377718134
0.276,0.9814243803602326
0.277,1.0004345813372773
0.278,1.01994373042097
0.279,0.9994675227860872
0.28,0.9783793635159344
0.281,1.0006619384241768
0.28200000000000003,1.023706258235812
0.28300000000000003,0.9991614204444207
0.28400000000000003,0.9736498075672446
0.28500000000000003,1.00108888625802
0.28600000000000003,1.029786550223082
0.28700000000000003,0.9985392846136728
0.28800000000000003,0.965597203861105
0.289,1.002047779996022
0.29,1.0408885589966272
0.291,0.9969458771050597
0.292,0.949402202353415
0.293,1.0049943535175365
0.294,1.066588026252022
0.295,0.9905155661679867
0.296,0.9025562498261753
0.297,1.0238793350181536
0.298,1.179113101888304
0.299,0.8726967435561676
0.3,4.106068370025819e-15
0.301,-0.872696743556156
0.302,-1.179113101888288
0.303,-1.0238793350181636
0.304,-0.9025562498261933
0.305,-0.9905155661679911
0.306,-1.0665880262520158
0.307,-1.0049943535175252
0.308,-0.9494022023534177
0.309,-0.9969458771050623
0.31,-1.040888558996624
0.311,-1.0020477799960106
0.312,-0.965597203861099
0.313,-0.9985392846136831
0.314,-1.0297865502230978
0.315,-1.001088886258032
0.316,-0.9736498075672532
0.317,-0.9991614204444101
0.318,-1.0237062582357974
0.319,-1.0006619384241606
0.32,-0.9783793635159375
0.321,-0.9994675227860971
0.322,-1.019943730420973
0.323,-1.0004345813372684
0.324,-0.9814243803602184
0.325,-0.9996414377718086
0.326,-1.0174471389828224
0.327,-1.000298148031053
0.328,-0.9834910008023293
0.329,-0.9997508698021278
0.33,-1.0157252307613451
0.331,-1.0002085954134352
0.332,-0.9849309250212965
0.333,-0.99982552956844
0.334,-1.0145203224602506
0.335,-1.0001452420543757
0.336,-0.9859364593831641
0.337,-0.9998802209304681
0.338,-1.0136868657327198
0.339,-1.0000972155733958
0.34,-0.9866188354210019
0.341,-0.9999231276753757
0.342,-1.013139444887197
0.343,-1.0000582022164473
0.34400000000000003,-0.9870435617726617
0.34500000000000003,-0.9999592486906985
0.34600000000000003,-1.012828306006149
0.34700000000000003,-1.0000241299843935
0.34800000000000003,-0.9872475634476947
0.34900000000000003,-0.9999920093707928
0.35000000000000003,-1.0127273126258214
0.35100000000000003,-0.9999920093707504
0.352,-0.9872475634476745
0.353,-1.0000241299843986
0.354,-1.0128283060061745
0.355,-0.9999592486907164
0.356,-0.9870435617726688
0.357,-1.0000582022164564
0.358,-1.013139444887195
0.359,-0.9999231276753477
0.36,-0.9866188354209754
0.361,-1.00009721557339
0.362,-1.0136868657327431
0.363,-0.9998802209304843
0.364,-0.9859364593831597
0.365,-1.0001452420543604
0.366,-1.0145203224602348
0.367,-0.9998255295684247
0.368,-0.9849309250213044
0.369,-1.0002085954134516
0.37,-1.01572523076137
0.371,-0.9997508698021491
0.372,-0.9834910008023101
0.373,-1.000298148031016
0.374,-1.017447138982802
0.375,-0.9996414377718184
0.376,-0.9814243803602444
0.377,-1.000434581337281
0.378,-1.0199437304209662
0.379,-0.9994675227860781
0.38,-0.9783793635159185
0.381,-1.0006619384241633
0.382,-1.0237062582358198
0.383,-0.9991614204444421
0.384,-0.9736498075672478
0.385,-1.0010888862580063
0.386,-1.0297865502230752
0.387,-0.9985392846136838
0.388,-0.9655972038611216
0.389,-1.0020477799960126
0.39,-1.040888558996609
0.391,-0.9969458771050562
0.392,-0.9494022023534312
0.393,-1.0049943535175543
0.394,-1.0665880262520204
0.395,-0.9905155661679809
0.396,-0.9025562498261841
0.397,-1.0238793350181634
0.398,-1.1791131018882863
0.399,-0.8726967435561603
0.4,-1.9281145029523447e-14
0.401,0.8726967435561731
0.402,1.1791131018882914
0.403,1.0238793350181727
0.404,0.9025562498262053
0.405,0.9905155661679919
0.406,1.066588026252008
0.40700000000000003,1.0049943535175283
0.40800000000000003,0.9494022023534129
0.40900000000000003,0.9969458771050506
0.41000000000000003,1.0408885589966033
0.41100000000000003,1.002047779996009
0.41200000000000003,0.9655972038611217
0.41300000000000003,0.998539284613696
0.41400000000000003,1.0297865502230812
0.41500000000000004,1.0010888862580085
0.41600000000000004,0.9736498075672557
0.417,0.9991614204444335
0.418,1.0237062582358152
0.419,1.0006619384241597
0.42,0.9783793635159201
0.421,0.9994675227860963
0.422,1.0199437304209775
0.423,1.0004345813372788
0.424,0.9814243803602288
0.425,0.9996414377717949
0.426,1.0174471389828081
0.427,1.000298148031039
0.428,0.9834910008023229
0.429,0.9997508698021286
0.43,1.0157252307613496
0.431,1.0002085954134552
0.432,0.984930925021315
0.433,0.9998255295684335
0.434,1.0145203224602393
0.435,1.0001452420543773
0.436,0.9859364593831768
0.437,0.9998802209304735
0.438,1.0136868657327067
0.439,1.000097215573378
0.44,0.9866188354210103
0.441,0.9999231276753802
0.442,1.0131394448871864
0.443,1.000058202216423
0.444,0.9870435617726618
0.445,0.9999592486907273
0.446,1.0128283060061736
0.447,1.0000241299843855
0.448,0.9872475634476784
0.449,0.9999920093707839
0.45,1.0127273126258387
0.451,0.9999920093707784
0.452,0.9872475634476757
0.453,1.000024129984382
0.454,1.0128283060061454
0.455,0.9999592486907127
0.456,0.9870435617726797
0.457,1.0000582022164608
0.458,1.0131394448871907
0.459,0.9999231276753534
0.46,0.986618835420991
0.461,1.0000972155733987
0.462,1.013686865732726
0.463,0.9998802209304587
0.464,0.9859364593831484
0.465,1.0001452420543793
0.466,1.0145203224602517
0.467,0.9998255295684396
0.468,0.984930925021299
0.46900000000000003,1.0002085954134483
0.47000000000000003,1.0157252307613636
0.47100000000000003,0.9997508698021199
0.47200000000000003,0.9834910008023132
0.47300000000000003,1.0002981480310364
0.47400000000000003,1.0174471389828206
0.47500000000000003,0.9996414377718217
0.47600000000000003,0.98142438036023
0.47700000000000004,1.000434581337272
0.47800000000000004,1.0199437304209689
0.47900000000000004,0.9994675227860813
0.48,0.9783793635159336
0.481,1.0006619384241702
0.482,1.02370625823581
0.483,0.9991614204444188
0.484,0.9736498075672498
0.485,1.001088886258017
0.486,1.0297865502230847
0.487,0.9985392846136789
0.488,0.9655972038611043
0.489,1.0020477799960195
0.49,1.0408885589966284
0.491,0.996945877105055
0.492,0.9494022023534172
0.493,1.004994353517532
0.494,1.0665880262520226
0.495,0.9905155661679867
0.496,0.9025562498261774
0.497,1.0238793350181623
0.498,1.1791131018883048
0.499,0.8726967435561717
0.5,1.788758490860878e-14
0.501,-0.8726967435561535
0.502,-1.1791131018882872
0.503,-1.0238793350181672
0.504,-0.9025562498261946
0.505,-0.9905155661680062
0.506,-1.0665880262520206
0.507,-1.0049943535175252
0.508,-0.9494022023534158
0.509,-0.9969458771050672
0.51,-1.040888558996623
0.511,-1.0020477799960117
0.512,-0.9655972038611005
0.513,-0.9985392846136746
0.514,-1.0297865502230994
0.515,-1.001088886258035
0.516,-0.9736498075672544
0.517,-0.9991614204444095
0.518,-1.0237062582357963
0.519,-1.000661938424159
0.52,-0.9783793635159396
0.521,-0.9994675227861058
0.522,-1.019943730420977
0.523,-1.0004345813372693
0.524,-0.9814243803602143
0.525,-0.9996414377718096
0.526,-1.01744713898283
0.527,-1.000298148031055
0.528,-0.9834910008023326
0.529,-0.9997508698021319
0.53,-1.0157252307613447
0.531,-1.000208595413429
0.532,-0.9849309250213022
0.533,-0.999825529568438
0.534,-1.0145203224602493
0.535,-1.000145242054373
0.536,-0.9859364593831645
0.537,-0.9998802209304708
0.538,-1.0136868657327145
0.539,-1.0000972155733978
0.54,-0.9866188354209907
0.541,-0.9999231276753692
0.542,-1.013139444887197
0.543,-1.0000582022164453
0.544,-0.9870435617726627
0.545,-0.9999592486907019
0.546,-1.0128283060061491
0.547,-1.0000241299843948
0.548,-0.9872475634477029
0.549,-0.999992009370791
0.55,-1.0127273126258214
0.551,-0.9999920093707556
0.552,-0.9872475634476884
0.553,-1.0000241299843893
0.554,-1.012828306006171
0.555,-0.9999592486907117
0.556,-0.9870435617726664
0.557,-1.0000582022164624
0.558,-1.0131394448872002
0.559,-0.9999231276753495
0.56,-0.986618835420974
0.561,-1.0000972155733925
0.562,-1.0136868657327411
0.5630000000000001,-0.9998802209304813
0.5640000000000001,-0.9859364593831562
0.5650000000000001,-1.0001452420543655
0.5660000000000001,-1.0145203224602357
0.5670000000000001,-0.9998255295684295
0.5680000000000001,-0.9849309250212955
0.5690000000000001,-1.0002085954134547
0.5700000000000001,-1.0157252307613716
0.5710000000000001,-0.9997508698021356
0.5720000000000001,-0.9834910008023099
0.5730000000000001,-1.0002981480310214
0.5740000000000001,-1.017447138982804
0.5750000000000001,-0.9996414377718155
0.5760000000000001,-0.9814243803602436
0.577,-1.0004345813372804
0.578,-1.0199437304209644
0.579,-0.999467522786084
0.58,-0.9783793635159213
0.581,-1.0006619384241677
0.582,-1.0237062582358163
0.583,-0.999161420444441
0.584,-0.9736498075672583
0.585,-1.0010888862579996
0.586,-1.0297865502230754
0.587,-0.9985392846136886
0.588,-0.9655972038611214
0.589,-1.0020477799960132
0.59,-1.0408885589966115
0.591,-0.9969458771050539
0.592,-0.9494022023534313
0.593,-1.004994353517545
0.594,-1.066588026252021
0.595,-0.9905155661679903
0.596,-0.9025562498261845
0.597,-1.0238793350181474
0.598,-1.1791131018882877
0.599,-0.8726967435561981
0.6,-2.8432131998114124e-14
0.601,0.8726967435560975
0.602,1.179113101888293
0.603,1.023879335018196
0.604,0.9025562498262033
0.605,0.9905155661679897
0.606,1.0665880262520075
0.607,1.0049943535175283
0.608,0.9494022023534244
0.609,0.9969458771050529
0.61,1.0408885589966055
0.611,1.0020477799960124
0.612,0.9655972038611228
0.613,0.998539284613691
0.614,1.029786550223081
0.615,1.0010888862580152
0.616,0.9736498075672523
0.617,0.9991614204444346
0.618,1.0237062582358172
0.619,1.0006619384241682
0.62,0.9783793635159276
0.621,0.9994675227861
0.622,1.0199437304209729
0.623,1.0004345813372788
0.624,0.9814243803602268
0.625,0.9996414377718054
0.626,1.0174471389828077
0.627,1.0002981480310424
0.628,0.9834910008023178
0.629,0.9997508698021248
0.63,1.0157252307613418
0.631,1.0002085954134485
0.632,0.9849309250213178
0.633,0.999825529568437
0.634,1.0145203224602468
0.635,1.0001452420543775
0.636,0.9859364593831796
0.637,0.9998802209304735
0.638,1.013686865732702
0.639,1.0000972155733763
0.64,0.9866188354210084
0.641,0.9999231276753856
0.642,1.013139444887188
0.643,1.000058202216425
0.644,0.9870435617726632
0.645,0.9999592486907246
0.646,1.0128283060061702
0.647,1.0000241299843826
0.648,0.9872475634476802
0.649,0.9999920093707605
0.65,1.0127273126258387
0.651,0.999992009370779
0.652,0.9872475634476756
0.653,1.000024129984384
0.654,1.0128283060061571
0.655,0.9999592486907176
0.656,0.9870435617726858
0.657,1.0000582022164608
0.658,1.013139444887188
0.659,0.9999231276753456
0.66,0.9866188354209825
0.661,1.000097215573402
0.662,1.0136868657327216
0.663,0.9998802209304598
0.664,0.9859364593831424
0.665,1.0001452420543766
0.666,1.0145203224602524
0.667,0.9998255295684364
0.668,0.9849309250212981
0.669,1.00020859541345
0.67,1.0157252307613613
0.671,0.9997508698021317
0.672,0.983491000802305
0.673,1.0002981480310404
0.674,1.0174471389828217
0.675,0.9996414377718115
0.676,0.9814243803602339
0.677,1.0004345813372701
0.678,1.0199437304209686
0.679,0.9994675227860892
0.68,0.9783793635159316
0.681,1.0006619384241742
0.682,1.0237062582358138
0.683,0.9991614204444281
0.684,0.9736498075672376
0.685,1.0010888862580203
0.686,1.0297865502230859
0.687,0.9985392846136735
0.6880000000000001,0.9655972038611098
0.6890000000000001,1.002047779996011
0.6900000000000001,1.040888558996621
0.6910000000000001,0.9969458771050521
0.6920000000000001,0.9494022023534068
0.6930000000000001,1.0049943535175438
0.6940000000000001,1.0665880262520229
0.6950000000000001,0.9905155661679741
0.6960000000000001,0.9025562498261691
0.6970000000000001,1.0238793350181745
0.6980000000000001,1.1791131018883085
0.6990000000000001,0.8726967435561338
0.7000000000000001,-9.630880791663181e-14
0.7010000000000001,-0.8726967435561822
0.7020000000000001,-1.1791131018882919
0.7030000000000001,-1.0238793350181548
0.704,-0.9025562498261892
0.705,-0.9905155661679791
0.706,-1.0665880262520193
0.707,-1.004994353517523
0.708,-0.9494022023534049
0.709,-0.9969458771050655
0.71,-1.0408885589966208
0.711,-1.0020477799960132
0.712,-0.9655972038611013
0.713,-0.9985392846136717
0.714,-1.0297865502230932
0.715,-1.0010888862580352
0.716,-0.9736498075672458
0.717,-0.9991614204444148
0.718,-1.023706258235798
0.719,-1.0006619384241626
0.72,-0.9783793635159359
0.721,-0.9994675227860997
0.722,-1.0199437304209713
0.723,-1.0004345813372704
0.724,-0.9814243803602227
0.725,-0.9996414377718118
0.726,-1.017447138982815
0.727,-1.000298148031062
0.728,-0.9834910008023265
0.729,-0.9997508698021214
0.73,-1.015725230761343
0.731,-1.0002085954134343
0.732,-0.984930925021302
0.733,-0.9998255295684314
0.734,-1.0145203224602501
0.735,-1.0001452420543764
0.736,-0.985936459383165
0.737,-0.9998802209304647
0.738,-1.0136868657327212
0.739,-1.0000972155734016
0.74,-0.9866188354210009
0.741,-0.9999231276753778
0.742,-1.0131394448871835
0.743,-1.0000582022164621
0.744,-0.9870435617726601
0.745,-0.9999592486907002
0.746,-1.0128283060061571
0.747,-1.0000241299844062
0.748,-0.9872475634477035
0.749,-0.9999920093707901
0.75,-1.0127273126258212
0.751,-0.9999920093707582
0.752,-0.9872475634476757
0.753,-1.0000241299844042
0.754,-1.0128283060061727
0.755,-0.9999592486907138
0.756,-0.9870435617726635
0.757,-1.0000582022164517
0.758,-1.0131394448871989
0.759,-0.9999231276753401
0.76,-0.986618835420978
0.761,-1.0000972155733923
0.762,-1.0136868657327407
0.763,-0.9998802209304931
0.764,-0.9859364593831635
0.765,-1.000145242054366
0.766,-1.0145203224602353
0.767,-0.999825529568422
0.768,-0.9849309250213031
0.769,-1.0002085954134528
0.77,-1.0157252307613787
0.771,-0.9997508698021477
0.772,-0.9834910008023032
0.773,-1.0002981480310154
0.774,-1.0174471389828048
0.775,-0.9996414377718184
0.776,-0.9814243803602454
0.777,-1.0004345813372948
0.778,-1.0199437304209613
0.779,-0.9994675227860764
0.78,-0.9783793635159226
0.781,-1.0006619384241626
0.782,-1.0237062582358234
0.783,-0.9991614204444363
0.784,-0.9736498075672566
0.785,-1.0010888862580098
0.786,-1.0297865502230719
0.787,-0.9985392846136883
0.788,-0.9655972038611252
0.789,-1.0020477799960228
0.79,-1.0408885589966033
0.791,-0.9969458771050611
0.792,-0.9494022023534301
0.793,-1.0049943535175356
0.794,-1.0665880262520246
0.795,-0.990515566167978
0.796,-0.9025562498261832
0.797,-1.0238793350181712
0.798,-1.1791131018882866
0.799,-0.8726967435561349
0.8,-3.729141505670824e-14
0.801,0.8726967435561628
0.802,1.1791131018882914
0.803,1.023879335018175
0.804,0.9025562498262049
0.805,0.9905155661679896
0.806,1.0665880262520042
0.807,1.004994353517537
0.808,0.9494022023534222
0.809,0.9969458771050466
0.81,1.0408885589966022
0.811,1.0020477799960068
0.812,0.9655972038611188
0.8130000000000001,0.9985392846136926
0.8140000000000001,1.029786550223079
0.8150000000000001,1.0010888862580003
0.8160000000000001,0.9736498075672604
0.8170000000000001,0.9991614204444319
0.8180000000000001,1.0237062582358105
0.8190000000000001,1.000661938424162
0.8200000000000001,0.9783793635159219
0.8210000000000001,0.9994675227860846
0.8220000000000001,1.0199437304209753
0.8230000000000001,1.0004345813372684
0.8240000000000001,0.9814243803602227
0.8250000000000001,0.999641437771798
0.8260000000000001,1.0174471389828068
0.8270000000000001,1.0002981480310338
0.8280000000000001,0.9834910008023152
0.8290000000000001,0.9997508698021255
0.8300000000000001,1.0157252307613536
0.8310000000000001,1.0002085954134503
0.8320000000000001,0.9849309250213234
0.833,0.999825529568437
0.834,1.0145203224602313
0.835,1.0001452420543764
0.836,0.9859364593831748
0.837,0.9998802209304711
0.838,1.0136868657327014
0.839,1.0000972155733738
0.84,0.9866188354210195
0.841,0.9999231276753875
0.842,1.0131394448871884
0.843,1.0000582022164242
0.844,0.9870435617726433
0.845,0.9999592486907266
0.846,1.012828306006173
0.847,1.0000241299843946
0.848,0.9872475634476778
0.849,0.999992009370777
0.85,1.0127273126258387
0.851,0.9999920093707737
0.852,0.9872475634477029
0.853,1.0000241299843955
0.854,1.0128283060061443
0.855,0.9999592486907161
0.856,0.9870435617726768
0.857,1.0000582022164557
0.858,1.013139444887183
0.859,0.9999231276753462
0.86,0.9866188354209865
0.861,1.0000972155733996
0.862,1.0136868657327243
0.863,0.9998802209304545
0.864,0.9859364593831433
0.865,1.0001452420543757
0.866,1.014520322460261
0.867,0.9998255295684473
0.868,0.9849309250213096
0.869,1.0002085954134516
0.87,1.0157252307613565
0.871,0.9997508698021194
0.872,0.9834910008023161
0.873,1.0002981480310447
0.874,1.0174471389828124
0.875,0.9996414377718174
0.876,0.9814243803602325
0.877,1.000434581337276
0.878,1.0199437304209615
0.879,0.9994675227860877
0.88,0.9783793635159383
0.881,1.0006619384241797
0.882,1.0237062582358119
0.883,0.9991614204444236
0.884,0.973649807567238
0.885,1.001088886258015
0.886,1.0297865502230803
0.887,0.9985392846136697
0.888,0.9655972038610987
0.889,1.0020477799960168
0.89,1.0408885589966252
0.891,0.9969458771050594
0.892,0.9494022023534208
0.893,1.004994353517537
0.894,1.0665880262520275
0.895,0.9905155661679887
0.896,0.9025562498261811
0.897,1.0238793350181825
0.898,1.179113101888307
0.899,0.8726967435561446
0.9,2.6210533719119064e-14
0.901,-0.8726967435561763
0.902,-1.1791131018882812
0.903,-1.0238793350181548
0.904,-0.9025562498262004
0.905,-0.9905155661679976
0.906,-1.066588026252015
0.907,-1.0049943535175243
0.908,-0.9494022023534151
0.909,-0.9969458771050649
0.91,-1.0408885589966166
0.911,-1.0020477799960192
0.912,-0.9655972038611053
0.913,-0.9985392846136739
0.914,-1.0297865502230994
0.915,-1.0010888862580278
0.916,-0.9736498075672585
0.917,-0.999161420444421
0.918,-1.0237062582357972
0.919,-1.000661938424158
0.92,-0.9783793635159354
0.921,-0.9994675227860903
0.922,-1.0199437304209786
0.923,-1.0004345813372628
0.924,-0.9814243803602236
0.925,-0.9996414377718135
0.926,-1.0174471389828177
0.927,-1.0002981480310493
0.928,-0.9834910008023339
0.929,-0.9997508698021361
0.93,-1.015725230761355
0.931,-1.000208595413439
0.932,-0.9849309250212971
0.933,-0.9998255295684402
0.934,-1.0145203224602504
0.935,-1.0001452420543762
0.936,-0.9859364593831708
0.937,-0.9998802209304618
0.9380000000000001,-1.0136868657327112
0.9390000000000001,-1.0000972155733985
0.9400000000000001,-0.9866188354209918
0.9410000000000001,-0.9999231276753638
0.9420000000000001,-1.0131394448872075
0.9430000000000001,-1.0000582022164397
0.9440000000000001,-0.98704356177266
0.9450000000000001,-0.9999592486906984
0.9460000000000001,-1.0128283060061483
0.9470000000000001,-1.0000241299843866
0.9480000000000001,-0.9872475634476933
0.9490000000000001,-0.9999920093707954
0.9500000000000001,-1.0127273126258214
0.9510000000000001,-0.9999920093707554
0.9520000000000001,-0.9872475634476725
0.9530000000000001,-1.000024129984424
0.9540000000000001,-1.0128283060061765
0.9550000000000001,-0.999959248690716
0.9560000000000001,-0.9870435617726728
0.9570000000000001,-1.0000582022164428
0.9580000000000001,-1.013139444887211
0.9590000000000001,-0.999923127675348
0.96,-0.986618835420978
0.961,-1.000097215573392
0.962,-1.0136868657327545
0.963,-0.9998802209304849
0.964,-0.9859364593831462
0.965,-1.0001452420543608
0.966,-1.0145203224602317
0.967,-0.999825529568427
0.968,-0.9849309250212969
0.969,-1.0002085954134519
0.97,-1.0157252307613776
0.971,-0.9997508698021422
0.972,-0.9834910008023079
0.973,-1.0002981480310145
0.974,-1.0174471389828055
0.975,-0.9996414377718221
0.976,-0.9814243803602402
0.977,-1.0004345813372746
0.978,-1.0199437304209669
0.979,-0.9994675227860751
0.98,-0.978379363515916
0.981,-1.0006619384241493
0.982,-1.0237062582358083
0.983,-0.9991614204444421
0.984,-0.9736498075672563
0.985,-1.0010888862580039
0.986,-1.0297865502230816
0.987,-0.9985392846136881
0.988,-0.9655972038611345
0.989,-1.002047779996008
0.99,-1.0408885589966113
0.991,-0.9969458771050723
0.992,-0.949402202353422
0.993,-1.004994353517536
0.994,-1.066588026252012
0.995,-0.9905155661679904
0.996,-0.9025562498261831
0.997,-1.0238793350181414
0.998,-1.1791131018882879
0.999,-0.8726967435562097
